supplier,iata,valid_since,valid_until
CAC,SSH,2025-03-13,2025-03-31
AEG,SLL,2025-03-13,2025-03-31
Royal Petrol,RMF,2025-03-17,2025-03-31
Royal Petrol,CAI,2025-03-17,2025-03-31
Royal Petrol,HRI,2025-03-17,2025-03-31
Royal Petrol,CMB,2025-03-17,2025-03-31
Royal Petrol,EVN,2025-03-17,2025-03-31
Royal Petrol,AQJ,2025-03-17,2025-03-31
Royal Petrol,MLE,2025-03-17,2025-03-31
Royal Petrol,HRG,2025-03-17,2025-03-31
Royal Petrol,SSH,2025-03-17,2025-03-31
Royal Petrol,ALG,2025-03-17,2025-03-31
Royal Petrol,JIB,2025-03-17,2025-03-31
Royal Petrol,SEZ,2025-03-17,2025-03-31
Royal Petrol,MRU,2025-03-17,2025-03-31
Royal Petrol,DOH,2025-03-17,2025-03-31
Jetex,RHO,2025-03-13,2025-03-31
Air BP,HAD,2025-03-13,2025-03-31
Air BP,TLV,2025-03-13,2025-03-31
Air BP,VXO,2025-03-13,2025-03-31
