supplier,iata,offer_platts,offer_period,valid_since,valid_until
Total,BER,HNWE  USDC.UGL,PW,2024-04-01,2025-03-31
Total,BOD,HNWE  USDC.UGL,PW,2024-04-01,2025-03-31
Total,BSL,HROTT  USDC.UGL,PW,2024-04-01,2025-03-31
Total,CGN,HROTT  USDC.UGL,PW,2024-04-01,2025-03-31
Total,DRS,HNWE  USDC.UGL,PW,2024-04-01,2025-03-31
Total,DUS,HROTT  USDC.UGL,PW,2024-04-01,2025-03-31
Total,EIN,HROTT  USDC.UGL,PW,2024-04-01,2025-03-31
Total,FCO,HNWE  USDC.UGL,PW,2024-04-01,2025-03-31
Total,FRA,HROTT  USDC.UGL,PW,2024-04-01,2025-03-31
Total,KLV,HROTT  USDC.UGL,PW,2024-04-01,2025-03-31
Total,LEJ,HNWE  USDC.UGL,PW,2024-04-01,2025-03-31
Total,LIL,HNWE  USDC.UGL,PW,2024-04-01,2025-03-31
Total,MRS,HNWE  USDC.UGL,PW,2024-04-01,2025-03-31
WF,ATH,FOB MED  USDC.UGL,PW,2024-04-01,2025-03-31
WF,HER,FOB MED  USDC.UGL,PW,2024-04-01,2025-03-31
WF,LIN,HNWE  USDC.UGL,PW,2024-04-01,2025-03-31
WF,MXP,FOB MED  USDC.UGL,PW,2024-04-01,2025-03-31
WF,SKG,FOB MED  USDC.UGL,PW,2024-04-01,2025-03-31
WF,ZTH,FOB MED  USDC.UGL,PW,2024-04-01,2025-03-31
UCIG,ALG,Market price,MP,2025-03-12,2025-03-31
UCIG,GYD,Market price,MP,2025-03-12,2025-03-31
UCIG,BAH,ARAB GULF FOB HIGH PRIOR,PW,2025-03-12,2025-03-31
UCIG,ZAG,FOB MED  USDC.UGL,PW,2025-03-12,2025-03-31
UCIG,SPU,FOB MED  USDC.UGL,PW,2025-03-12,2025-03-31
UCIG,DBV,FOB MED  USDC.UGL,PW,2025-03-12,2025-03-31
UCIG,ZAD,FOB MED  USDC.UGL,PW,2025-03-12,2025-03-31
UCIG,LCA,FOB MED  USDC.UGL,1/2M,2025-03-12,2025-03-31
UCIG,PFO,FOB MED  USDC.UGL,1/2M,2025-03-12,2025-03-31
UCIG,JIB,Market price,MP,2025-03-12,2025-03-31
UCIG,HRG,Market Price,MP,2025-03-12,2025-03-31
UCIG,SSH,Market price,MP,2025-03-12,2025-03-31
UCIG,LXR,Market price,MP,2025-03-12,2025-03-31
UCIG,CAI,Market price,MP,2025-03-12,2025-03-31
UCIG,ASW,Market price,MP,2025-03-12,2025-03-31
UCIG,RMF,Market price,MP,2025-03-12,2025-03-31
UCIG,TBS,FOB MED  USDC.UGL,1/2M,2025-03-13,2025-03-31
UCIG,BUS,FOB MED  USDC.UGL,1/2M,2025-03-13,2025-03-31
UCIG,ATH,FOB MED  USDC.UGL,PW,2025-03-13,2025-03-31
UCIG,HER,FOB MED  USDC.UGL,PW,2025-03-13,2025-03-31
UCIG,CFU,FOB MED  USDC.UGL,1/2M,2025-03-13,2025-03-31
UCIG,ZTH,FOB MED  USDC.UGL,1/2M,2025-03-13,2025-03-31
UCIG,LXS,FOB MED  USDC.UGL,1/2M,2025-03-13,2025-03-31
UCIG,JTR,FOB MED  USDC.UGL,1/2M,2025-03-13,2025-03-31
UCIG,KGS,FOB MED  USDC.UGL,1/2M,2025-03-13,2025-03-31
UCIG,CHQ,FOB MED  USDC.UGL,1/2M,2025-03-13,2025-03-31
UCIG,KLX,FOB MED  USDC.UGL,1/2M,2025-03-13,2025-03-31
UCIG,PVK,FOB MED  USDC.UGL,1/2M,2025-03-13,2025-03-31
UCIG,JSI,FOB MED  USDC.UGL,1/2M,2025-03-13,2025-03-31
UCIG,SKG,FOB MED  USDC.UGL,1/2M,2025-03-13,2025-03-31
UCIG,JMK,FOB MED  USDC.UGL,1/2M,2025-03-13,2025-03-31
UCIG,KVA,FOB MED  USDC.UGL,1/2M,2025-03-13,2025-03-31
UCIG,EFL,FOB MED  USDC.UGL,1/2M,2025-03-13,2025-03-31
UCIG,RHO,FOB MED  USDC.UGL,1/2M,2025-03-13,2025-03-31
UCIG,BUD,HROTT  USDC.UGL,PW,2025-03-13,2025-03-31
UCIG,AQJ,Market price,MP,2025-03-13,2025-03-31
UCIG,ALA,Market price,MP,2025-03-13,2025-03-31
UCIG,MLE,Market price,MP,2025-03-13,2025-03-31
UCIG,GAN,Market price,MP,2025-03-13,2025-03-31
UCIG,MRU,Market price,MP,2025-03-13,2025-03-31
UCIG,TIV,FOB MED  USDC.UGL,PW,2025-03-13,2025-03-31
UCIG,TGD,FOB MED  USDC.UGL,PW,2025-03-13,2025-03-31
UCIG,TNG,HNWE  USDC.UGL,1/2M,2025-03-13,2025-03-31
UCIG,RAK,HNWE  USDC.UGL,1/2M,2025-03-13,2025-03-31
UCIG,AGA,HNWE  USDC.UGL,1/2M,2025-03-13,2025-03-31
UCIG,FEZ,HNWE  USDC.UGL,1/2M,2025-03-13,2025-03-31
UCIG,MCT,ARAB GULF FOB HIGH PRIOR,1/2M,2025-03-13,2025-03-31
UCIG,SLL,Market price,MP,2025-03-13,2025-03-31
UCIG,RZE,Market price,MP,2025-03-13,2025-03-31
UCIG,DOH,Market price,MP,2025-03-13,2025-03-31
UCIG,JED,Market price,MP,2025-03-13,2025-03-31
UCIG,BTS,HROTT  USDC.UGL,PW,2025-03-13,2025-03-31
UCIG,BCN,HNWE  USDC.UGL,PW,2025-03-13,2025-03-31
UCIG,SHJ,ARAB GULF FOB HIGH PRIOR,1/2M,2025-03-13,2025-03-31
UCIG,AUH,ARAB GULF FOB HIGH PRIOR,1/2M,2025-03-13,2025-03-31
UCIG,RKT,ARAB GULF FOB HIGH PRIOR,1/2M,2025-03-13,2025-03-31
UCIG,LGW,HNWE  USDC.UGL,PW,2025-03-13,2025-03-31
UCIG,STN,HNWE  USDC.UGL,PW,2025-03-13,2025-03-31
UCIG,FRA,HROTT  USDC.UGL,PW,2025-03-13,2025-03-31
UCIG,CGN,HROTT  USDC.UGL,PW,2025-03-13,2025-03-31
UCIG,STR,HROTT  USDC.UGL,PW,2025-03-13,2025-03-31
UCIG,PRG,HROTT  USDC.UGL,PW,2025-03-13,2025-03-31
UCIG,TLV,Market price,MP,2025-03-13,2025-03-31
UCIG,ETM,Market price,MP,2025-03-13,2025-03-31
UCIG,AYT,CIF MED USDC.UGL,1/2M,2025-03-13,2025-03-31
UCIG,BJV,CIF MED USDC.UGL,1/2M,2025-03-13,2025-03-31
UCIG,DLM,CIF MED USDC.UGL,1/2M,2025-03-13,2025-03-31
UCIG,ADB,CIF MED USDC.UGL,1/2M,2025-03-13,2025-03-31
UCIG,ESB,CIF MED USDC.UGL,1/2M,2025-03-13,2025-03-31
UCIG,ISL,CIF MED USDC.UGL,1/2M,2025-03-13,2025-03-31
UCIG,SAW,CIF MED USDC.UGL,1/2M,2025-03-13,2025-03-31
UCIG,NAV,CIF MED USDC.UGL,1/2M,2025-03-13,2025-03-31
UCIG,HRI,Market price,MP,2025-03-13,2025-03-31
UCIG,CMB,Market price,MP,2025-03-13,2025-03-31
ASM,JIB,Market price,MP,2025-03-07,2025-03-31
ASM,AQJ,Market price,MP,2025-03-07,2025-03-31
ASM,CMB,Market price,MP,2025-03-07,2025-03-31
ASM,DOH,Market price,MP,2025-03-07,2025-03-31
ASM,GAN,Market price,MP,2025-03-07,2025-03-31
ASM,MLE,Market price,MP,2025-03-07,2025-03-31
ASM,MCT,ARAB GULF FOB HIGH PRIOR,1/2M,2025-03-07,2025-03-31
CAC,ALG,Market price,MP,2025-03-13,2025-03-31
CAC,BAH,ARAB GULF FOB HIGH PRIOR,PW,2025-03-13,2025-03-31
CAC,BRU,HROTT  USDC.UGL,PW,2025-03-13,2025-03-31
CAC,ZAG,FOB MED  USDC.UGL,PW,2025-03-13,2025-03-31
CAC,SPU,FOB MED  USDC.UGL,PW,2025-03-13,2025-03-31
CAC,DBV,FOB MED  USDC.UGL,PW,2025-03-13,2025-03-31
CAC,LCA,FOB MED  USDC.UGL,1/2M,2025-03-13,2025-03-31
CAC,PFO,FOB MED  USDC.UGL,1/2M,2025-03-13,2025-03-31
CAC,PRG,HROTT  USDC.UGL,PW,2025-03-13,2025-03-31
CAC,BRQ,HROTT  USDC.UGL,PW,2025-03-13,2025-03-31
CAC,BLL,HNWE  USDC.UGL,PW,2025-03-13,2025-03-31
CAC,JIB,Market price,MP,2025-03-13,2025-03-31
CAC,HRG,Market price,MP,2025-03-13,2025-03-31
CAC,SSH,Market price,MP,2025-03-13,2025-03-31
CAC,CAI,Market price,MP,2025-03-13,2025-03-31
CAC,ASW,Market price,MP,2025-03-13,2025-03-31
CAC,RMF,Market price,MP,2025-03-13,2025-03-31
CAC,LYS,HNWE  USDC.UGL,PW,2025-03-13,2025-03-31
CAC,NCE,HNWE  USDC.UGL,PW,2025-03-13,2025-03-31
CAC,BOD,HNWE  USDC.UGL,PW,2025-03-13,2025-03-31
CAC,BOD,HNWE  USDC.UGL,PW,2025-03-13,2025-03-31
CAC,LIL,HROTT  USDC.UGL,PW,2025-03-13,2025-03-31
CAC,TLS,HNWE  USDC.UGL,PW,2025-03-13,2025-03-31
CAC,MRS,HNWE  USDC.UGL,PW,2025-03-13,2025-03-31
CAC,FRA,HROTT  USDC.UGL,PW,2025-03-13,2025-03-31
CAC,LEJ,HNWE  USDC.UGL,PW,2025-03-13,2025-03-31
CAC,DUS,HROTT  USDC.UGL,PW,2025-03-13,2025-03-31
CAC,DRS,HNWE  USDC.UGL,PW,2025-03-13,2025-03-31
CAC,ATH,FOB MED  USDC.UGL,PW,2025-03-13,2025-03-31
CAC,HER,FOB MED  USDC.UGL,PW,2025-03-13,2025-03-31
CAC,CFU,FOB MED  USDC.UGL,PW,2025-03-13,2025-03-31
CAC,ZTH,FOB MED  USDC.UGL,1/2M,2025-03-13,2025-03-31
CAC,JTR,FOB MED  USDC.UGL,1/2M,2025-03-13,2025-03-31
CAC,KGS,FOB MED  USDC.UGL,1/2M,2025-03-13,2025-03-31
CAC,PVK,FOB MED  USDC.UGL,1/2M,2025-03-13,2025-03-31
CAC,JSI,FOB MED  USDC.UGL,1/2M,2025-03-13,2025-03-31
CAC,SKG,FOB MED  USDC.UGL,PW,2025-03-13,2025-03-31
CAC,JMK,FOB MED  USDC.UGL,1/2M,2025-03-13,2025-03-31
CAC,KVA,FOB MED  USDC.UGL,1/2M,2025-03-13,2025-03-31
CAC,KEF,HNWE  USDC.UGL,PW,2025-03-13,2025-03-31
CAC,TLV,Market price,MP,2025-03-13,2025-03-31
CAC,AQJ,Market price,MP,2025-03-13,2025-03-31
CAC,AMS,HROTT  USDC.UGL,PW,2025-03-13,2025-03-31
CAC,WAW,HNWE  USDC.UGL,PW,2025-03-13,2025-03-31
CAC,KTW,HNWE  USDC.UGL,PW,2025-03-13,2025-03-31
CAC,SZZ,HNWE  USDC.UGL,PW,2025-03-13,2025-03-31
CAC,RZE,Market price,MP,2025-03-13,2025-03-31
CAC,POZ,HNWE  USDC.UGL,PW,2025-03-13,2025-03-31
CAC,GDN,HNWE  USDC.UGL,PW,2025-03-13,2025-03-31
CAC,BZG,HNWE  USDC.UGL,PW,2025-03-13,2025-03-31
CAC,KRK,HNWE  USDC.UGL,PW,2025-03-13,2025-03-31
CAC,LCJ,HNWE  USDC.UGL,PW,2025-03-13,2025-03-31
CAC,SEZ,Market price,MP,2025-03-13,2025-03-31
CAC,BTS,HROTT  USDC.UGL,PW,2025-03-13,2025-03-31
CAC,KSC,Market price,MP,2025-03-13,2025-03-31
CAC,TAT,Market price,MP,2025-03-13,2025-03-31
CAC,HRI,Market price,MP,2025-03-13,2025-03-31
Total,AGA,HNWE  USDC.UGL,1/2M,2025-03-14,2025-03-31
Total,AMS,HROTT  USDC.UGL,PW,2025-03-14,2025-03-31
Total,BER,HNWE  USDC.UGL,PW,2025-03-14,2025-03-31
Total,BGY,HNWE  USDC.UGL,PW,2025-03-14,2025-03-31
Total,BLQ,HNWE  USDC.UGL,PW,2025-03-14,2025-03-31
Total,BOD,HNWE  USDC.UGL,PW,2025-03-14,2025-03-31
Total,BRU,HROTT  USDC.UGL,PW,2025-03-14,2025-03-31
Total,BSL,HROTT  USDC.UGL,PW,2025-03-14,2025-03-31
Total,CAI,Market price,MP,2025-03-14,2025-03-31
Total,CDG,HNWE  USDC.UGL,PW,2025-03-14,2025-03-31
Total,CGN,HROTT  USDC.UGL,PW,2025-03-14,2025-03-31
Total,DRS,HNWE  USDC.UGL,PW,2025-03-14,2025-03-31
Total,DUS,HROTT  USDC.UGL,PW,2025-03-14,2025-03-31
Total,EIN,HROTT  USDC.UGL,PW,2025-03-14,2025-03-31
Total,FCO,HNWE  USDC.UGL,PW,2025-03-14,2025-03-31
Total,FRA,HROTT  USDC.UGL,PW,2025-03-14,2025-03-31
Total,GVA,HNWE  USDC.UGL,PW,2025-03-14,2025-03-31
Total,HHN,HROTT  USDC.UGL,PW,2025-03-14,2025-03-31
Total,JED,Market price,MP,2025-03-14,2025-03-31
Total,KLV,HROTT  USDC.UGL,PW,2025-03-14,2025-03-31
Total,LEJ,HNWE  USDC.UGL,PW,2025-03-14,2025-03-31
Total,LIL,HROTT  USDC.UGL,PW,2025-03-14,2025-03-31
Total,LIN,HNWE  USDC.UGL,PW,2025-03-14,2025-03-31
Total,LUX,HROTT  USDC.UGL,PW,2025-03-14,2025-03-31
Total,LYS,HNWE  USDC.UGL,PW,2025-03-14,2025-03-31
Total,MLH,HROTT  USDC.UGL,PW,2025-03-14,2025-03-31
Total,MRU,Market price,MP,2025-03-14,2025-03-31
Total,MUC,HROTT  USDC.UGL,PW,2025-03-14,2025-03-31
Total,NAP,HNWE  USDC.UGL,PW,2025-03-14,2025-03-31
Total,NCE,HNWE  USDC.UGL,PW,2025-03-14,2025-03-31
Total,ORY,HNWE  USDC.UGL,PW,2025-03-14,2025-03-31
Total,PMO,FOB MED  USDC.UGL,PW,2025-03-14,2025-03-31
Total,RAK,HNWE  USDC.UGL,1/2M,2025-03-14,2025-03-31
Total,RMF,Market price,MP,2025-03-14,2025-03-31
Total,TLS,HNWE  USDC.UGL,PW,2025-03-14,2025-03-31
Total,TRN,HNWE  USDC.UGL,PW,2025-03-14,2025-03-31
Total,VCE,HNWE  USDC.UGL,PW,2025-03-14,2025-03-31
Total,ZRH,HROTT  USDC.UGL,PW,2025-03-14,2025-03-31
AEG,ACE,HNWE  USDC.UGL,PW,2025-03-14,2025-03-31
AEG,AGA,HNWE  USDC.UGL,1/2M,2025-03-14,2025-03-31
AEG,AGP,HNWE  USDC.UGL,PW,2025-03-14,2025-03-31
AEG,AJA,Market price,MP,2025-03-14,2025-03-31
AEG,ALA,Market price,MP,2025-03-14,2025-03-31
AEG,ALG,Market price,MP,2025-03-14,2025-03-31
AEG,AQJ,Market price,MP,2025-03-14,2025-03-31
AEG,ARN,HNWE  USDC.UGL,PW,2025-03-14,2025-03-31
AEG,ATH,FOB MED  USDC.UGL,PW,2025-03-14,2025-03-31
AEG,AUH,ARAB GULF FOB HIGH PRIOR,1/2M,2025-03-14,2025-03-31
AEG,BAH,ARAB GULF FOB HIGH PRIOR,1/2M,2025-03-14,2025-03-31
AEG,BAY,FOB MED  USDC.UGL,PW,2025-03-14,2025-03-31
AEG,BCN,HNWE  USDC.UGL,PW,2025-03-14,2025-03-31
AEG,BER,HNWE  USDC.UGL,PW,2025-03-14,2025-03-31
AEG,BFS,HNWE  USDC.UGL,PW,2025-03-14,2025-03-31
AEG,BHX,HNWE  USDC.UGL,PW,2025-03-14,2025-03-31
AEG,BLL,HNWE  USDC.UGL,PW,2025-03-14,2025-03-31
AEG,BRQ,HROTT  USDC.UGL,PW,2025-03-14,2025-03-31
AEG,BRU,HROTT  USDC.UGL,PW,2025-03-14,2025-03-31
AEG,BSL,HROTT  USDC.UGL,PW,2025-03-14,2025-03-31
AEG,BTS,HROTT  USDC.UGL,PW,2025-03-14,2025-03-31
AEG,BUD,HROTT  USDC.UGL,PW,2025-03-14,2025-03-31
AEG,BUS,FOB MED  USDC.UGL,1/2M,2025-03-14,2025-03-31
AEG,BZG,HNWE  USDC.UGL,PW,2025-03-14,2025-03-31
AEG,CDG,HNWE  USDC.UGL,PW,2025-03-14,2025-03-31
AEG,CFU,FOB MED  USDC.UGL,PW,2025-03-14,2025-03-31
AEG,CGN,HROTT  USDC.UGL,PW,2025-03-14,2025-03-31
AEG,CHQ,FOB MED  USDC.UGL,PW,2025-03-14,2025-03-31
AEG,CLJ,FOB MED  USDC.UGL,PW,2025-03-14,2025-03-31
AEG,CMB,Market price,MP,2025-03-14,2025-03-31
AEG,CWL,HNWE  USDC.UGL,PW,2025-03-14,2025-03-31
AEG,DBV,FOB MED  USDC.UGL,PW,2025-03-14,2025-03-31
AEG,DEB,HROTT  USDC.UGL,PW,2025-03-14,2025-03-31
AEG,DJE,Market price,MP,2025-03-14,2025-03-31
AEG,DOH,Market price,MP,2025-03-14,2025-03-31
AEG,DRS,HNWE  USDC.UGL,PW,2025-03-14,2025-03-31
AEG,DTM,HROTT  USDC.UGL,PW,2025-03-14,2025-03-31
AEG,DUB,HNWE  USDC.UGL,PW,2025-03-14,2025-03-31
AEG,EDI,HNWE  USDC.UGL,PW,2025-03-14,2025-03-31
AEG,EFL,FOB MED  USDC.UGL,PW,2025-03-14,2025-03-31
AEG,EIN,HROTT  USDC.UGL,PW,2025-03-14,2025-03-31
AEG,ERF,Market price,MP,2025-03-14,2025-03-31
AEG,ETM,Market price,MP,2025-03-14,2025-03-31
AEG,EVN,Market price,MP,2025-03-14,2025-03-31
AEG,FAO,HNWE  USDC.UGL,PW,2025-03-14,2025-03-31
AEG,FDH,HROTT  USDC.UGL,PW,2025-03-14,2025-03-31
AEG,FEZ,HNWE  USDC.UGL,1/2M,2025-03-14,2025-03-31
AEG,FKB,HROTT  USDC.UGL,PW,2025-03-14,2025-03-31
AEG,FMM,HROTT  USDC.UGL,PW,2025-03-14,2025-03-31
AEG,FMO,HROTT  USDC.UGL,PW,2025-03-14,2025-03-31
AEG,FUE,HNWE  USDC.UGL,PW,2025-03-14,2025-03-31
AEG,GAN,Market price,MP,2025-03-14,2025-03-31
AEG,GDN,HNWE  USDC.UGL,PW,2025-03-14,2025-03-31
AEG,GHV,FOB MED  USDC.UGL,PW,2025-03-14,2025-03-31
AEG,GLA,HNWE  USDC.UGL,PW,2025-03-14,2025-03-31
AEG,GOT,HNWE  USDC.UGL,PW,2025-03-14,2025-03-31
AEG,GRO,HNWE  USDC.UGL,PW,2025-03-14,2025-03-31
AEG,GRX,HNWE  USDC.UGL,PW,2025-03-14,2025-03-31
AEG,GRZ,HROTT  USDC.UGL,PW,2025-03-14,2025-03-31
AEG,GVA,HNWE  USDC.UGL,PW,2025-03-14,2025-03-31
AEG,GYD,Market price,MP,2025-03-14,2025-03-31
AEG,HAJ,HROTT  USDC.UGL,PW,2025-03-14,2025-03-31
AEG,HAM,HNWE  USDC.UGL,PW,2025-03-14,2025-03-31
AEG,HEL,HNWE  USDC.UGL,PW,2025-03-14,2025-03-31
AEG,HER,FOB MED  USDC.UGL,PW,2025-03-14,2025-03-31
AEG,HHN,HROTT  USDC.UGL,PW,2025-03-14,2025-03-31
AEG,HRI,Market price,MP,2025-03-14,2025-03-31
AEG,IBZ,HNWE  USDC.UGL,PW,2025-03-14,2025-03-31
AEG,JED,Market price,MP,2025-03-14,2025-03-31
AEG,JIB,Market price,MP,2025-03-14,2025-03-31
AEG,JMK,FOB MED  USDC.UGL,PW,2025-03-14,2025-03-31
AEG,JSI,FOB MED  USDC.UGL,PW,2025-03-14,2025-03-31
AEG,JTR,FOB MED  USDC.UGL,PW,2025-03-14,2025-03-31
AEG,KEF,HNWE  USDC.UGL,PW,2025-03-14,2025-03-31
AEG,KGS,FOB MED  USDC.UGL,PW,2025-03-14,2025-03-31
AEG,KLU,HROTT  USDC.UGL,PW,2025-03-14,2025-03-31
AEG,KLV,HROTT  USDC.UGL,PW,2025-03-14,2025-03-31
AEG,KLX,FOB MED  USDC.UGL,PW,2025-03-14,2025-03-31
AEG,KRK,HNWE  USDC.UGL,PW,2025-03-14,2025-03-31
AEG,KSC,Market price,MP,2025-03-14,2025-03-31
AEG,KTT,HNWE  USDC.UGL,PW,2025-03-14,2025-03-31
AEG,KTW,HNWE  USDC.UGL,PW,2025-03-14,2025-03-31
AEG,KVA,FOB MED  USDC.UGL,PW,2025-03-14,2025-03-31
AEG,LBA,HNWE  USDC.UGL,PW,2025-03-14,2025-03-31
AEG,LCA,FOB MED  USDC.UGL,1/2M,2025-03-14,2025-03-31
AEG,LCJ,HNWE  USDC.UGL,PW,2025-03-14,2025-03-31
AEG,LEJ,HNWE  USDC.UGL,PW,2025-03-14,2025-03-31
AEG,LGW,HNWE  USDC.UGL,1/2M,2025-03-14,2025-03-31
AEG,LHR,HNWE  USDC.UGL,PW,2025-03-14,2025-03-31
AEG,LIL,HNWE  USDC.UGL,PW,2025-03-14,2025-03-31
AEG,LIS,HNWE  USDC.UGL,PW,2025-03-14,2025-03-31
AEG,LNZ,HROTT  USDC.UGL,PW,2025-03-13,2025-03-31
AEG,LTN,HNWE  USDC.UGL,PW,2025-03-13,2025-03-31
AEG,LXS,FOB MED  USDC.UGL,PW,2025-03-13,2025-03-31
AEG,MAN,HNWE  USDC.UGL,PW,2025-03-13,2025-03-31
AEG,MCT,ARAB GULF FOB HIGH PRIOR,1/2M,2025-03-13,2025-03-31
AEG,MIR,Market price,MP,2025-03-13,2025-03-31
AEG,MLE,Market price,MP,2025-03-13,2025-03-31
AEG,MLH,HROTT  USDC.UGL,PW,2025-03-13,2025-03-31
AEG,MME,HROTT  USDC.UGL,PW,2025-03-13,2025-03-31
AEG,MRS,HNWE  USDC.UGL,PW,2025-03-13,2025-03-31
AEG,MRU,Market price,MP,2025-03-13,2025-03-31
AEG,MUC,HROTT  USDC.UGL,PW,2025-03-13,2025-03-31
AEG,NCL,HNWE  USDC.UGL,PW,2025-03-13,2025-03-31
AEG,NUE,HROTT  USDC.UGL,PW,2025-03-13,2025-03-31
AEG,OMO,Market price,MP,2025-03-13,2025-03-31
AEG,OPO,HNWE  USDC.UGL,PW,2025-03-13,2025-03-31
AEG,ORY,HNWE  USDC.UGL,PW,2025-03-13,2025-03-31
AEG,OSR,HNWE  USDC.UGL,PW,2025-03-13,2025-03-31
AEG,OTP,FOB MED  USDC.UGL,PW,2025-03-13,2025-03-31
AEG,PFO,FOB MED  USDC.UGL,1/2M,2025-03-13,2025-03-31
AEG,PMI,HNWE  USDC.UGL,PW,2025-03-13,2025-03-31
AEG,POZ,HNWE  USDC.UGL,PW,2025-03-13,2025-03-31
AEG,PVK,FOB MED  USDC.UGL,PW,2025-03-13,2025-03-31
AEG,RAK,HNWE  USDC.UGL,1/2M,2025-03-13,2025-03-31
AEG,RHO,FOB MED  USDC.UGL,PW,2025-03-13,2025-03-31
AEG,RKT,ARAB GULF FOB HIGH PRIOR,1/2M,2025-03-13,2025-03-31
AEG,RTM,HROTT  USDC.UGL,PW,2025-03-13,2025-03-31
AEG,RVN,HNWE  USDC.UGL,PW,2025-03-13,2025-03-31
AEG,RZE,Market price,MP,2025-03-13,2025-03-31
AEG,SEN,Market price,MP,2025-03-13,2025-03-31
AEG,SEZ,Market price,MP,2025-03-13,2025-03-31
AEG,SHJ,ARAB GULF FOB HIGH PRIOR,1/2M,2025-03-13,2025-03-31
AEG,SKG,FOB MED  USDC.UGL,PW,2025-03-13,2025-03-31
AEG,SKP,FOB MED  USDC.UGL,PW,2025-03-13,2025-03-31
AEG,SLL,Market price,MP,2025-03-13,2025-03-31
AEG,SPC,HNWE  USDC.UGL,PW,2025-03-13,2025-03-31
AEG,SPU,FOB MED  USDC.UGL,PW,2025-03-13,2025-03-31
AEG,STN,HNWE  USDC.UGL,PW,2025-03-13,2025-03-31
AEG,STR,HROTT  USDC.UGL,PW,2025-03-13,2025-03-31
AEG,SVQ,HNWE  USDC.UGL,PW,2025-03-13,2025-03-31
AEG,SXB,HNWE  USDC.UGL,PW,2025-03-13,2025-03-31
AEG,SZZ,HNWE  USDC.UGL,PW,2025-03-13,2025-03-31
AEG,TBS,FOB MED  USDC.UGL,1/2M,2025-03-13,2025-03-31
AEG,TFN,HNWE  USDC.UGL,PW,2025-03-13,2025-03-31
AEG,TFS,HNWE  USDC.UGL,PW,2025-03-13,2025-03-31
AEG,TGD,Market price,MP,2025-03-13,2025-03-31
AEG,TIV,FOB MED  USDC.UGL,PW,2025-03-13,2025-03-31
AEG,TLV,Market price,MP,2025-03-13,2025-03-31
AEG,TNG,HNWE  USDC.UGL,1/2M,2025-03-13,2025-03-31
AEG,VLC,HNWE  USDC.UGL,PW,2025-03-13,2025-03-31
AEG,VXO,HNWE  USDC.UGL,PW,2025-03-13,2025-03-31
AEG,WAW,HNWE  USDC.UGL,PW,2025-03-13,2025-03-31
AEG,WRO,Market price,MP,2025-03-13,2025-03-31
AEG,ZAD,FOB MED  USDC.UGL,PW,2025-03-13,2025-03-31
AEG,ZAG,FOB MED  USDC.UGL,PW,2025-03-13,2025-03-31
AEG,ZNZ,Market price,MP,2025-03-13,2025-03-31
AEG,ZTH,FOB MED  USDC.UGL,PW,2025-03-13,2025-03-31
WF,AGA,HNWE  USDC.UGL,1/2M,2025-03-16,2025-03-31
WF,AHO,FOB MED  USDC.UGL,PW,2025-03-16,2025-03-31
WF,ALA,Market price,MP,2025-03-16,2025-03-31
WF,ALG,Market price,MP,2025-03-16,2025-03-31
WF,AQJ,Market price,MP,2025-03-16,2025-03-31
WF,ARN,HNWE  USDC.UGL,PW,2025-03-16,2025-03-31
WF,ATH,FOB MED  USDC.UGL,PW,2025-03-16,2025-03-31
WF,AUH,ARAB GULF FOB HIGH PRIOR,1/2M,2025-03-16,2025-03-31
WF,BAH,ARAB GULF FOB HIGH PRIOR,1/2M,2025-03-16,2025-03-31
WF,BER,HNWE  USDC.UGL,PW,2025-03-16,2025-03-31
WF,BGY,HNWE  USDC.UGL,PW,2025-03-16,2025-03-31
WF,BHX,HNWE  USDC.UGL,PW,2025-03-16,2025-03-31
WF,BLQ,HNWE  USDC.UGL,PW,2025-03-16,2025-03-31
WF,BOD,HNWE  USDC.UGL,PW,2025-03-16,2025-03-31
WF,BRI,FOB MED  USDC.UGL,PW,2025-03-16,2025-03-31
WF,BRS,HNWE  USDC.UGL,PW,2025-03-16,2025-03-31
WF,BRU,HNWE  USDC.UGL,PW,2025-03-16,2025-03-31
WF,BSL,HNWE  USDC.UGL,PW,2025-03-16,2025-03-31
WF,BUS,FOB MED  USDC.UGL,1/2M,2025-03-16,2025-03-31
WF,CGN,HNWE  USDC.UGL,PW,2025-03-16,2025-03-31
WF,CMB,Market price,MP,2025-03-16,2025-03-31
WF,CPH,HNWE  USDC.UGL,PW,2025-03-16,2025-03-31
WF,CTA,FOB MED  USDC.UGL,PW,2025-03-16,2025-03-31
WF,CWL,HNWE  USDC.UGL,PW,2025-03-16,2025-03-31
WF,DOH,Market price,MP,2025-03-16,2025-03-31
WF,DRS,HNWE  USDC.UGL,PW,2025-03-16,2025-03-31
WF,DUB,HNWE  USDC.UGL,PW,2025-03-16,2025-03-31
WF,DUS,HNWE  USDC.UGL,PW,2025-03-16,2025-03-31
WF,EDI,HNWE  USDC.UGL,PW,2025-03-16,2025-03-31
WF,ETM,Market price,MP,2025-03-16,2025-03-31
WF,EVN,Market price,MP,2025-03-16,2025-03-31
WF,FCO,HNWE  USDC.UGL,PW,2025-03-16,2025-03-31
WF,FEZ,Market price,MP,2025-03-16,2025-03-31
WF,FRA,HNWE  USDC.UGL,PW,2025-03-16,2025-03-31
WF,GAN,Market price,MP,2025-03-16,2025-03-31
WF,GLA,HNWE  USDC.UGL,PW,2025-03-16,2025-03-31
WF,GOT,HNWE  USDC.UGL,PW,2025-03-16,2025-03-31
WF,GRZ,Market price,MP,2025-03-16,2025-03-31
WF,GVA,HNWE  USDC.UGL,PW,2025-03-16,2025-03-31
WF,GYD,Market price,MP,2025-03-16,2025-03-31
WF,HAJ,HNWE  USDC.UGL,PW,2025-03-16,2025-03-31
WF,HAM,HNWE  USDC.UGL,PW,2025-03-16,2025-03-31
WF,HER,FOB MED  USDC.UGL,PW,2025-03-16,2025-03-31
WF,HHN,HNWE  USDC.UGL,PW,2025-03-16,2025-03-31
WF,HRI,Market price,MP,2025-03-16,2025-03-31
WF,JIB,Market price,PM,2025-03-16,2025-03-31
WF,KEF,HNWE  USDC.UGL,PW,2025-03-16,2025-03-31
WF,KLU,HROTT  USDC.UGL,PW,2025-03-16,2025-03-31
WF,KRK,HNWE  USDC.UGL,PW,2025-03-16,2025-03-31
WF,LBA,HNWE  USDC.UGL,PW,2025-03-16,2025-03-31
WF,LEJ,HNWE  USDC.UGL,PW,2025-03-16,2025-03-31
WF,LHR,Market price,MP,2025-03-16,2025-03-31
WF,LIL,HNWE  USDC.UGL,PW,2025-03-16,2025-03-31
WF,LIN,HNWE  USDC.UGL,PW,2025-03-16,2025-03-31
WF,LNZ,HROTT  USDC.UGL,PW,2025-03-16,2025-03-31
WF,LTN,HNWE  USDC.UGL,PW,2025-03-16,2025-03-31
WF,LUX,HNWE  USDC.UGL,PW,2025-03-16,2025-03-31
WF,LYS,HNWE  USDC.UGL,PW,2025-03-16,2025-03-31
WF,MAN,HNWE  USDC.UGL,PW,2025-03-16,2025-03-31
WF,MBA,ARAB GULF FOB HIGH PRIOR,PW,2025-03-16,2025-03-31
WF,MCT,ARAB GULF FOB HIGH PRIOR,1/2M,2025-03-16,2025-03-31
WF,MIR,FOB MED  USDC.UGL,PW,2025-03-16,2025-03-31
WF,MLE,Market price,MP,2025-03-16,2025-03-31
WF,MME,HNWE  USDC.UGL,PW,2025-03-16,2025-03-31
WF,MRU,Market price,MP,2025-03-16,2025-03-31
WF,MUC,HROTT  USDC.UGL,PW,2025-03-16,2025-03-31
WF,MXP,HNWE  USDC.UGL,PW,2025-03-16,2025-03-31
WF,NAP,FOB MED  USDC.UGL,PW,2025-03-16,2025-03-31
WF,NBE,FOB MED  USDC.UGL,PW,2025-03-16,2025-03-31
WF,NCE,HNWE  USDC.UGL,PW,2025-03-16,2025-03-31
WF,NCL,HNWE  USDC.UGL,PW,2025-03-16,2025-03-31
WF,NUE,HROTT  USDC.UGL,PW,2025-03-16,2025-03-31
WF,OLB,FOB MED  USDC.UGL,PW,2025-03-16,2025-03-31
WF,OMO,FOB MED  USDC.UGL,PW,2025-03-16,2025-03-31
WF,OSL,HNWE  USDC.UGL,PW,2025-03-16,2025-03-31
WF,PEG,Market price,MP,2025-03-16,2025-03-31
WF,PFO,FOB MED  USDC.UGL,PW,2025-03-16,2025-03-31
WF,PMF,Market price,MP,2025-03-16,2025-03-31
WF,PMO,FOB MED  USDC.UGL,PW,2025-03-16,2025-03-31
WF,PRG,HROTT  USDC.UGL,PW,2025-03-16,2025-03-31
WF,PRN,FOB MED  USDC.UGL,1/2M,2025-03-16,2025-03-31
WF,PSA,HNWE  USDC.UGL,PW,2025-03-16,2025-03-31
WF,RAK,HNWE  USDC.UGL,1/2M,2025-03-16,2025-03-31
WF,RKT,ARAB GULF FOB HIGH PRIOR,1/2M,2025-03-16,2025-03-31
WF,SEN,Market price,MP,2025-03-16,2025-03-31
WF,SEZ,Market price,MP,2025-03-16,2025-03-31
WF,SHJ,ARAB GULF FOB HIGH PRIOR,1/2M,2025-03-16,2025-03-31
WF,SKG,FOB MED  USDC.UGL,PW,2025-03-16,2025-03-31
WF,SKP,FOB MED  USDC.UGL,PW,2025-03-16,2025-03-31
WF,SLL,Market price,MP,2025-03-16,2025-03-31
WF,SPC,HNWE  USDC.UGL,PW,2025-03-16,2025-03-31
WF,STN,HNWE  USDC.UGL,PW,2025-03-16,2025-03-31
WF,STR,HNWE  USDC.UGL,PW,2025-03-16,2025-03-31
WF,SUF,FOB MED  USDC.UGL,PW,2025-03-16,2025-03-31
WF,TBS,FOB MED  USDC.UGL,1/2M,2025-03-16,2025-03-31
WF,TGD,FOB MED  USDC.UGL,PW,2025-03-16,2025-03-31
WF,TIV,FOB MED  USDC.UGL,PW,2025-03-16,2025-03-31
WF,TLS,HNWE  USDC.UGL,PW,2025-03-16,2025-03-31
WF,TLV,Market price,MP,2025-03-16,2025-03-31
WF,TRN,HNWE  USDC.UGL,PW,2025-03-16,2025-03-31
WF,TRS,HNWE  USDC.UGL,PW,2025-03-16,2025-03-31
WF,VCE,HNWE  USDC.UGL,PW,2025-03-16,2025-03-31
WF,VIE,HROTT  USDC.UGL,PW,2025-03-16,2025-03-31
WF,VNO,HNWE  USDC.UGL,PW,2025-03-16,2025-03-31
WF,VRN,HNWE  USDC.UGL,PW,2025-03-16,2025-03-31
WF,WRO,HNWE  USDC.UGL,PW,2025-03-16,2025-03-31
WF,ZNZ,Market price,MP,2025-03-16,2025-03-31
WF,ZRH,HROTT  USDC.UGL,PW,2025-03-16,2025-03-31
WF,ZTH,FOB MED  USDC.UGL,PW,2025-03-16,2025-03-31
Royal Petrol,AUH,ARAB GULF FOB HIGH PRIOR,1/2M,2025-03-17,2025-03-31
Royal Petrol,RKT,ARAB GULF FOB HIGH PRIOR,1/2M,2025-03-17,2025-03-31
Royal Petrol,BRU,HROTT  USDC.UGL,PW,2025-03-17,2025-03-31
Royal Petrol,RMF,Market price,MP,2025-03-17,2025-03-31
Royal Petrol,CDG,HNWE  USDC.UGL,PW,2025-03-17,2025-03-31
Royal Petrol,CDG,HNWE  USDC.UGL,PW,2025-03-17,2025-03-31
Royal Petrol,LYS,HNWE  USDC.UGL,PW,2025-03-17,2025-03-31
Royal Petrol,FRA,HROTT  USDC.UGL,PW,2025-03-17,2025-03-31
Royal Petrol,CGN,HROTT  USDC.UGL,PW,2025-03-17,2025-03-31
Royal Petrol,STR,HROTT  USDC.UGL,PW,2025-03-17,2025-03-31
Royal Petrol,MUC,HNWE  USDC.UGL,PW,2025-03-17,2025-03-31
Royal Petrol,BAH,ARAB GULF FOB HIGH PRIOR,1/2M,2025-03-17,2025-03-31
Royal Petrol,CAI,Market price,MP,2025-03-17,2025-03-31
Royal Petrol,ALA,Market price,MP,2025-03-17,2025-03-31
Royal Petrol,HRI,Market price,MP,2025-03-17,2025-03-31
Royal Petrol,CMB,Market price,MP,2025-03-17,2025-03-31
Royal Petrol,AYT,CIF MED USDC.UGL,1/2M,2025-03-17,2025-03-31
Royal Petrol,BJV,CIF MED USDC.UGL,1/2M,2025-03-17,2025-03-31
Royal Petrol,DLM,CIF MED USDC.UGL,1/2M,2025-03-17,2025-03-31
Royal Petrol,ADB,CIF MED USDC.UGL,1/2M,2025-03-17,2025-03-31
Royal Petrol,ESB,CIF MED USDC.UGL,1/2M,2025-03-17,2025-03-31
Royal Petrol,GZP,CIF MED USDC.UGL,1/2M,2025-03-17,2025-03-31
Royal Petrol,ISL,CIF MED USDC.UGL,PM,2025-03-17,2025-03-31
Royal Petrol,NAV,CIF MED USDC.UGL,1/2M,2025-03-17,2025-03-31
Royal Petrol,SAW,CIF MED USDC.UGL,1/2M,2025-03-17,2025-03-31
Royal Petrol,SHJ,ARAB GULF FOB HIGH PRIOR,1/2M,2025-03-17,2025-03-31
Royal Petrol,PRN,FOB MED  USDC.UGL,1/2M,2025-03-17,2025-03-31
Royal Petrol,EVN,Market price,MP,2025-03-17,2025-03-31
Royal Petrol,BUS,FOB MED  USDC.UGL,1/2M,2025-03-17,2025-03-31
Royal Petrol,AQJ,Market price,MP,2025-03-17,2025-03-31
Royal Petrol,MLE,Market price,MP,2025-03-17,2025-03-31
Royal Petrol,HRG,Market price,MP,2025-03-17,2025-03-31
Royal Petrol,SSH,Market price,MP,2025-03-17,2025-03-31
Royal Petrol,ASW,Market price,PM,2025-03-17,2025-03-31
Royal Petrol,ALG,Market price,MP,2025-03-17,2025-03-31
Royal Petrol,JIB,Market price,MP,2025-03-17,2025-03-31
Royal Petrol,WAW,HNWE  USDC.UGL,PW,2025-03-17,2025-03-31
Royal Petrol,KTW,HNWE  USDC.UGL,PW,2025-03-17,2025-03-31
Royal Petrol,POZ,HNWE  USDC.UGL,PW,2025-03-17,2025-03-31
Royal Petrol,GDN,HNWE  USDC.UGL,PW,2025-03-17,2025-03-31
Royal Petrol,BZG,HNWE  USDC.UGL,PW,2025-03-17,2025-03-31
Royal Petrol,LCJ,HNWE  USDC.UGL,PW,2025-03-17,2025-03-31
Royal Petrol,SZZ,HNWE  USDC.UGL,PW,2025-03-17,2025-03-31
Royal Petrol,PFO,FOB MED  USDC.UGL,PW,2025-03-17,2025-03-31
Royal Petrol,ATH,FOB MED  USDC.UGL,PW,2025-03-17,2025-03-31
Royal Petrol,HER,FOB MED  USDC.UGL,PW,2025-03-17,2025-03-31
Royal Petrol,SKG,FOB MED  USDC.UGL,PW,2025-03-17,2025-03-31
Royal Petrol,SEZ,Market price,MP,2025-03-17,2025-03-31
Royal Petrol,TNG,HNWE  USDC.UGL,1/2M,2025-03-17,2025-03-31
Royal Petrol,FEZ,HNWE  USDC.UGL,1/2M,2025-03-17,2025-03-31
Royal Petrol,AGA,HNWE  USDC.UGL,1/2M,2025-03-17,2025-03-31
Royal Petrol,RAK,HNWE  USDC.UGL,1/2M,2025-03-17,2025-03-31
Royal Petrol,MRU,Market price,MP,2025-03-17,2025-03-31
Royal Petrol,DOH,Market price,MP,2025-03-17,2025-03-31
Royal Petrol,BLL,HNWE  USDC.UGL,PW,2025-03-17,2025-03-31
Royal Petrol,KEF,HNWE  USDC.UGL,PW,2025-03-17,2025-03-31
Royal Petrol,KRK,HNWE  USDC.UGL,PW,2025-03-17,2025-03-31
Royal Petrol,TBS,FOB MED  USDC.UGL,1/2M,2025-03-17,2025-03-31
Royal Petrol,TGD,FOB MED  USDC.UGL,PW,2025-03-17,2025-03-31
Royal Petrol,TIV,FOB MED  USDC.UGL,PW,2025-03-17,2025-03-31
Ist Jet,TLV,Market price,MP,2025-03-13,2025-03-31
Ist Jet,AYT,CIF MED USDC.UGL,1/2M,2025-03-13,2025-03-31
Ist Jet,ATH,FOB MED  USDC.UGL,PW,2025-03-13,2025-03-31
Ist Jet,WAW,HNWE  USDC.UGL,PW,2025-03-13,2025-03-31
Ist Jet,SHJ,ARAB GULF FOB HIGH PRIOR,PW,2025-03-13,2025-03-31
Ist Jet,HRI,CEYPETC,PM,2025-03-13,2025-03-31
Ist Jet,TNG,HNWE  USDC.UGL,1/2M,2025-03-13,2025-03-31
Ist Jet,BJV,CIF MED USDC.UGL,1/2M,2025-03-13,2025-03-31
Ist Jet,BTS,HROTT  USDC.UGL,PW,2025-03-13,2025-03-31
Ist Jet,ZTH,FOB MED  USDC.UGL,PW,2025-03-13,2025-03-31
Ist Jet,DLM,CIF MED USDC.UGL,1/2M,2025-03-13,2025-03-31
Ist Jet,EVN,Market price,MP,2025-03-13,2025-03-31
Ist Jet,TIV,FOB MED  USDC.UGL,PW,2025-03-13,2025-03-31
Ist Jet,MLE,Market price,MP,2025-03-13,2025-03-31
Ist Jet,KTW,HNWE  USDC.UGL,PW,2025-03-13,2025-03-31
Ist Jet,PRN,FOB MED  USDC.UGL,1/2M,2025-03-13,2025-03-31
Ist Jet,HER,FOB MED  USDC.UGL,PW,2025-03-13,2025-03-31
Ist Jet,ADB,CIF MED USDC.UGL,1/2M,2025-03-13,2025-03-31
Ist Jet,ZAG,FOB MED  USDC.UGL,PW,2025-03-13,2025-03-31
Ist Jet,ALA,Market price,MP,2025-03-13,2025-03-31
Ist Jet,JTR,FOB MED  USDC.UGL,1/2M,2025-03-13,2025-03-31
Ist Jet,SZZ,HNWE  USDC.UGL,PW,2025-03-13,2025-03-31
Ist Jet,AQJ,Market price,MP,2025-03-13,2025-03-31
Ist Jet,DOH,Market price,MP,2025-03-13,2025-03-31
Ist Jet,AUH,FOB MED  USDC.UGL,1/2M,2025-03-13,2025-03-31
Ist Jet,RKT,ARAB GULF FOB HIGH PRIOR,1/2M,2025-03-13,2025-03-31
Ist Jet,VIE,HROTT  USDC.UGL,PW,2025-03-13,2025-03-31
Ist Jet,FEZ,HNWE  USDC.UGL,1/2M,2025-03-13,2025-03-31
Ist Jet,KGS,FOB MED  USDC.UGL,PW,2025-03-13,2025-03-31
Ist Jet,TBS,FOB MED  USDC.UGL,1/2M,2025-03-13,2025-03-31
Ist Jet,POZ,HNWE  USDC.UGL,PW,2025-03-13,2025-03-31
Ist Jet,GDN,HNWE  USDC.UGL,PW,2025-03-13,2025-03-31
Ist Jet,KRK,HNWE  USDC.UGL,PW,2025-03-13,2025-03-31
Ist Jet,BZG,HNWE  USDC.UGL,PW,2025-03-13,2025-03-31
Ist Jet,BUS,FOB MED  USDC.UGL,1/2M,2025-03-13,2025-03-31
Ist Jet,CHQ,FOB MED  USDC.UGL,PW,2025-03-13,2025-03-31
Ist Jet,KLX,FOB MED  USDC.UGL,PW,2025-03-13,2025-03-31
Ist Jet,PVK,FOB MED  USDC.UGL,PW,2025-03-13,2025-03-31
Ist Jet,ETM,Market price,MP,2025-03-13,2025-03-31
Ist Jet,ZAD,FOB MED  USDC.UGL,PW,2025-03-13,2025-03-31
Ist Jet,LCJ,HNWE  USDC.UGL,PW,2025-03-13,2025-03-31
Ist Jet,BEG,FOB MED  USDC.UGL,PW,2025-03-13,2025-03-31
Ist Jet,CMB,Market price,MP,2025-03-13,2025-03-31
Ist Jet,ESB,CIF MED USDC.UGL,1/2M,2025-03-13,2025-03-31
Ist Jet,ISL,CIF MED USDC.UGL,1/2M,2025-03-13,2025-03-31
Ist Jet,NAV,CIF MED USDC.UGL,1/2M,2025-03-13,2025-03-31
Ist Jet,SAW,CIF MED USDC.UGL,1/2M,2025-03-13,2025-03-31
Ist Jet,SKG,FOB MED  USDC.UGL,PW,2025-03-13,2025-03-31
Ist Jet,JMK,FOB MED  USDC.UGL,PW,2025-03-13,2025-03-31
Ist Jet,KVA,FOB MED  USDC.UGL,PW,2025-03-13,2025-03-31
Ist Jet,DBV,FOB MED  USDC.UGL,PW,2025-03-13,2025-03-31
Ist Jet,RHO,FOB MED  USDC.UGL,PW,2025-03-13,2025-03-31
Ist Jet,TGD,FOB MED  USDC.UGL,PW,2025-03-13,2025-03-31
Ist Jet,INI,FOB MED  USDC.UGL,PW,2025-03-13,2025-03-31
Jetex,PRN,FOB MED  USDC.UGL,1/2M,2025-03-13,2025-03-31
Jetex,ALG,Market price,MP,2025-03-13,2025-03-31
Jetex,BRU,HROTT  USDC.UGL,PW,2025-03-13,2025-03-31
Jetex,BER,HNWE  USDC.UGL,PW,2025-03-13,2025-03-31
Jetex,DRS,HNWE  USDC.UGL,PW,2025-03-13,2025-03-31
Jetex,ERF,Market price,MP,2025-03-13,2025-03-31
Jetex,FRA,HROTT  USDC.UGL,PW,2025-03-13,2025-03-31
Jetex,FMO,Market price,MP,2025-03-13,2025-03-31
Jetex,CGN,HNWE  USDC.UGL,PW,2025-03-13,2025-03-31
Jetex,DUS,HROTT  USDC.UGL,PW,2025-03-13,2025-03-31
Jetex,NUE,HROTT  USDC.UGL,PW,2025-03-13,2025-03-31
Jetex,LEJ,HNWE  USDC.UGL,PW,2025-03-13,2025-03-31
Jetex,STR,HNWE  USDC.UGL,PW,2025-03-13,2025-03-31
Jetex,STR,HNWE  USDC.UGL,PW,2025-03-13,2025-03-31
Jetex,HAJ,HNWE  USDC.UGL,PW,2025-03-13,2025-03-31
Jetex,HHN,HROTT  USDC.UGL,PW,2025-03-13,2025-03-31
Jetex,FMM,Market price,MP,2025-03-13,2025-03-31
Jetex,DTM,Market price,MP,2025-03-13,2025-03-31
Jetex,FDH,Market price,MP,2025-03-13,2025-03-31
Jetex,FKB,Market price,MP,2025-03-13,2025-03-31
Jetex,TLL,HNWE  USDC.UGL,PW,2025-03-13,2025-03-31
Jetex,KTT,Market price,MP,2025-03-13,2025-03-31
Jetex,RVN,Market price,MP,2025-03-13,2025-03-31
Jetex,BFS,HNWE  USDC.UGL,PW,2025-03-13,2025-03-31
Jetex,BHX,HNWE  USDC.UGL,PW,2025-03-13,2025-03-31
Jetex,MAN,HNWE  USDC.UGL,PW,2025-03-13,2025-03-31
Jetex,LTN,Market price,MP,2025-03-13,2025-03-31
Jetex,LTN,HNWE  USDC.UGL,PW,2025-03-13,2025-03-31
Jetex,LGW,HNWE  USDC.UGL,PW,2025-03-13,2025-03-31
Jetex,LHR,HNWE  USDC.UGL,PW,2025-03-13,2025-03-31
Jetex,SEN,Market price,MP,2025-03-13,2025-03-31
Jetex,LBA,Market price,MP,2025-03-13,2025-03-31
Jetex,NCL,Market price,MP,2025-03-13,2025-03-31
Jetex,GLA,HNWE  USDC.UGL,PW,2025-03-13,2025-03-31
Jetex,EDI,HNWE  USDC.UGL,PW,2025-03-13,2025-03-31
Jetex,AMS,HNWE  USDC.UGL,PW,2025-03-13,2025-03-31
Jetex,EIN,HROTT  USDC.UGL,PW,2025-03-13,2025-03-31
Jetex,RTM,HROTT  USDC.UGL,PW,2025-03-13,2025-03-31
Jetex,DUB,HNWE  USDC.UGL,PW,2025-03-13,2025-03-31
Jetex,BLL,HNWE  USDC.UGL,PW,2025-03-13,2025-03-31
Jetex,CPH,HNWE  USDC.UGL,PW,2025-03-13,2025-03-31
Jetex,LUX,HROTT  USDC.UGL,PW,2025-03-13,2025-03-31
Jetex,OSL,HNWE  USDC.UGL,PW,2025-03-13,2025-03-31
Jetex,BZG,HNWE  USDC.UGL,PW,2025-03-13,2025-03-31
Jetex,GDN,HNWE  USDC.UGL,PW,2025-03-13,2025-03-31
Jetex,KRK,HNWE  USDC.UGL,PW,2025-03-13,2025-03-31
Jetex,KTW,HNWE  USDC.UGL,PW,2025-03-13,2025-03-31
Jetex,LCJ,HNWE  USDC.UGL,PW,2025-03-13,2025-03-31
Jetex,POZ,HNWE  USDC.UGL,PW,2025-03-13,2025-03-31
Jetex,RZE,Market price,MP,2025-03-13,2025-03-31
Jetex,SZZ,HNWE  USDC.UGL,PW,2025-03-13,2025-03-31
Jetex,WAW,HNWE  USDC.UGL,PW,2025-03-13,2025-03-31
Jetex,WRO,Market price,MP,2025-03-13,2025-03-31
Jetex,GOT,HNWE  USDC.UGL,PW,2025-03-13,2025-03-31
Jetex,HAD,Market price,MP,2025-03-13,2025-03-31
Jetex,VXO,Market price,MP,2025-03-13,2025-03-31
Jetex,ARN,HNWE  USDC.UGL,PW,2025-03-13,2025-03-31
Jetex,VNO,HNWE  USDC.UGL,PW,2025-03-13,2025-03-31
Jetex,MRU,Market price,MP,2025-03-13,2025-03-31
Jetex,SEZ,Market price,MP,2025-03-13,2025-03-31
Jetex,FUE,HNWE  USDC.UGL,PW,2025-03-13,2025-03-31
Jetex,LPA,HNWE  USDC.UGL,PW,2025-03-13,2025-03-31
Jetex,ACE,HNWE  USDC.UGL,PW,2025-03-13,2025-03-31
Jetex,TFS,HNWE  USDC.UGL,PW,2025-03-13,2025-03-31
Jetex,TFN,HNWE  USDC.UGL,PW,2025-03-13,2025-03-31
Jetex,AGA,HNWE  USDC.UGL,1/2M,2025-03-13,2025-03-31
Jetex,FEZ,HNWE  USDC.UGL,1/2M,2025-03-13,2025-03-31
Jetex,RAK,HNWE  USDC.UGL,1/2M,2025-03-13,2025-03-31
Jetex,TNG,HNWE  USDC.UGL,1/2M,2025-03-13,2025-03-31
Jetex,JIB,Market price,MP,2025-03-13,2025-03-31
Jetex,CAI,Market price,MP,2025-03-13,2025-03-31
Jetex,HRG,Market price,MP,2025-03-13,2025-03-31
Jetex,LXR,Market price,MP,2025-03-13,2025-03-31
Jetex,RMF,Market price,MP,2025-03-13,2025-03-31
Jetex,SSH,Market price,MP,2025-03-13,2025-03-31
Jetex,ASW,Market price,MP,2025-03-13,2025-03-31
Jetex,ZNZ,Market price,MP,2025-03-13,2025-03-31
Jetex,LCA,FOB MED  USDC.UGL,1/2M,2025-03-13,2025-03-31
Jetex,PFO,FOB MED  USDC.UGL,1/2M,2025-03-13,2025-03-31
Jetex,DBV,FOB MED  USDC.UGL,PW,2025-03-13,2025-03-31
Jetex,SPU,FOB MED  USDC.UGL,PW,2025-03-13,2025-03-31
Jetex,ZAG,FOB MED  USDC.UGL,PW,2025-03-13,2025-03-31
Jetex,ZAD,FOB MED  USDC.UGL,PW,2025-03-13,2025-03-31
Jetex,ALC,HNWE  USDC.UGL,PW,2025-03-13,2025-03-31
Jetex,BCN,HNWE  USDC.UGL,PW,2025-03-13,2025-03-31
Jetex,GRO,HNWE  USDC.UGL,PW,2025-03-13,2025-03-31
Jetex,GRX,HNWE  USDC.UGL,PW,2025-03-13,2025-03-31
Jetex,IBZ,HNWE  USDC.UGL,PW,2025-03-13,2025-03-31
Jetex,XRY,HNWE  USDC.UGL,PW,2025-03-13,2025-03-31
Jetex,MAD,HNWE  USDC.UGL,PW,2025-03-13,2025-03-31
Jetex,AGP,HNWE  USDC.UGL,PW,2025-03-13,2025-03-31
Jetex,PMI,HNWE  USDC.UGL,PW,2025-03-13,2025-03-31
Jetex,VLC,HNWE  USDC.UGL,PW,2025-03-13,2025-03-31
Jetex,ZAZ,HNWE  USDC.UGL,PW,2025-03-13,2025-03-31
Jetex,SVQ,HNWE  USDC.UGL,PW,2025-03-13,2025-03-31
Jetex,BOD,HNWE  USDC.UGL,PW,2025-03-13,2025-03-31
Jetex,TLS,HNWE  USDC.UGL,PW,2025-03-13,2025-03-31
Jetex,AJA,Market price,MP,2025-03-13,2025-03-31
Jetex,LYS,HNWE  USDC.UGL,PW,2025-03-13,2025-03-31
Jetex,MRS,HNWE  USDC.UGL,PW,2025-03-13,2025-03-31
Jetex,NCE,HNWE  USDC.UGL,PW,2025-03-13,2025-03-31
Jetex,CDG,HNWE  USDC.UGL,PW,2025-03-13,2025-03-31
Jetex,ORY,HNWE  USDC.UGL,PW,2025-03-13,2025-03-31
Jetex,LIL,HNWE  USDC.UGL,PW,2025-03-13,2025-03-31
Jetex,MLH,HROTT  USDC.UGL,PW,2025-03-13,2025-03-31
Jetex,SXB,Market price,MP,2025-03-13,2025-03-31
Jetex,ATH,FOB MED  USDC.UGL,PW,2025-03-13,2025-03-31
Jetex,HER,FOB MED  USDC.UGL,PW,2025-03-13,2025-03-31
Jetex,EFL,FOB MED  USDC.UGL,1/2M,2025-03-13,2025-03-31
Jetex,KLX,FOB MED  USDC.UGL,1/2M,2025-03-13,2025-03-31
Jetex,KGS,FOB MED  USDC.UGL,1/2M,2025-03-13,2025-03-31
Jetex,CFU,FOB MED  USDC.UGL,1/2M,2025-03-13,2025-03-31
Jetex,KVA,FOB MED  USDC.UGL,1/2M,2025-03-13,2025-03-31
Jetex,LXS,FOB MED  USDC.UGL,1/2M,2025-03-13,2025-03-31
Jetex,JMK,FOB MED  USDC.UGL,1/2M,2025-03-13,2025-03-31
Jetex,PVK,FOB MED  USDC.UGL,1/2M,2025-03-13,2025-03-31
Jetex,RHO,FOB MED  USDC.UGL,MP,2025-03-13,2025-03-31
Jetex,CHQ,FOB MED  USDC.UGL,1/2M,2025-03-13,2025-03-31
Jetex,JSI,FOB MED  USDC.UGL,1/2M,2025-03-13,2025-03-31
Jetex,JTR,FOB MED  USDC.UGL,1/2M,2025-03-13,2025-03-31
Jetex,SKG,FOB MED  USDC.UGL,1/2M,2025-03-13,2025-03-31
Jetex,ZTH,FOB MED  USDC.UGL,1/2M,2025-03-13,2025-03-31
Jetex,BUD,HROTT  USDC.UGL,PW,2025-03-13,2025-03-31
Jetex,DEB,HROTT  USDC.UGL,PW,2025-03-13,2025-03-31
Jetex,KLV,HROTT  USDC.UGL,PW,2025-03-13,2025-03-31
Jetex,OSR,HNWE  USDC.UGL,PW,2025-03-13,2025-03-31
Jetex,PRG,HROTT  USDC.UGL,PW,2025-03-13,2025-03-31
Jetex,BRQ,HROTT  USDC.UGL,PW,2025-03-13,2025-03-31
Jetex,TLV,Market price,MP,2025-03-13,2025-03-31
Jetex,GRZ,Market price,MP,2025-03-13,2025-03-31
Jetex,KLU,Market price,MP,2025-03-13,2025-03-31
Jetex,LNZ,Market price,MP,2025-03-13,2025-03-31
Jetex,VIE,HROTT  USDC.UGL,PW,2025-03-13,2025-03-31
Jetex,FAO,HNWE  USDC.UGL,PW,2025-03-13,2025-03-31
Jetex,BAY,FOB MED  USDC.UGL,PW,2025-03-13,2025-03-31
Jetex,GHV,FOB MED  USDC.UGL,PW,2025-03-13,2025-03-31
Jetex,CLJ,FOB MED  USDC.UGL,PW,2025-03-13,2025-03-31
Jetex,OTP,FOB MED  USDC.UGL,PW,2025-03-13,2025-03-31
Jetex,ESB,CIF MED USDC.UGL,1/2M,2025-03-13,2025-03-31
Jetex,AYT,CIF MED USDC.UGL,1/2M,2025-03-13,2025-03-31
Jetex,NAV,CIF MED USDC.UGL,1/2M,2025-03-13,2025-03-31
Jetex,ISL,CIF MED USDC.UGL,1/2M,2025-03-13,2025-03-31
Jetex,ADB,CIF MED USDC.UGL,1/2M,2025-03-13,2025-03-31
Jetex,DLM,CIF MED USDC.UGL,1/2M,2025-03-13,2025-03-31
Jetex,BJV,CIF MED USDC.UGL,1/2M,2025-03-13,2025-03-31
Jetex,GZP,CIF MED USDC.UGL,1/2M,2025-03-13,2025-03-31
Jetex,SAW,CIF MED USDC.UGL,1/2M,2025-03-13,2025-03-31
Jetex,SKP,FOB MED  USDC.UGL,1/2M,2025-03-13,2025-03-31
Jetex,TGD,FOB MED  USDC.UGL,PW,2025-03-13,2025-03-31
Jetex,TIV,FOB MED  USDC.UGL,PW,2025-03-13,2025-03-31
Jetex,BTS,HROTT  USDC.UGL,PW,2025-03-13,2025-03-31
Jetex,KSC,Market price,MP,2025-03-13,2025-03-31
Jetex,BAH,ARAB GULF FOB HIGH PRIOR,PW,2025-03-13,2025-03-31
Jetex,JED,Market price,MP,2025-03-13,2025-03-31
Jetex,AQJ,Market price,MP,2025-03-13,2025-03-31
Jetex,AUH,ARAB GULF FOB HIGH PRIOR,1/2M,2025-03-13,2025-03-31
Jetex,DXB,ARAB GULF FOB HIGH PRIOR,PW,2025-03-13,2025-03-31
Jetex,RKT,ARAB GULF FOB HIGH PRIOR,1/2M,2025-03-13,2025-03-31
Jetex,SHJ,ARAB GULF FOB HIGH PRIOR,PW,2025-03-13,2025-03-31
Jetex,MCT,ARAB GULF FOB HIGH PRIOR,1/2M,2025-03-13,2025-03-31
Jetex,SLL,Market price,MP,2025-03-13,2025-03-31
Jetex,DIA,Market price,MP,2025-03-13,2025-03-31
Jetex,ALA,Market price,MP,2025-03-13,2025-03-31
Jetex,GYD,Market price,MP,2025-03-13,2025-03-31
Jetex,EVN,Market price,MP,2025-03-13,2025-03-31
Jetex,BUS,FOB MED  USDC.UGL,1/2M,2025-03-13,2025-03-31
Jetex,TBS,FOB MED  USDC.UGL,1/2M,2025-03-13,2025-03-31
Jetex,GAN,Market price,MP,2025-03-13,2025-03-31
Jetex,MLE,Market price,MP,2025-03-13,2025-03-31
LukOil,SOF3L,FOB MED  USDC.UGL,1/2M,2025-01-01,2025-12-31
LukOil,SOF4L,FOB MED  USDC.UGL,1/2M,2025-01-01,2025-12-31
LukOil,SOF3,FOB MED  USDC.UGL,1/2M,2025-01-01,2025-12-31
LukOil,SOF4,FOB MED  USDC.UGL,1/2M,2025-01-01,2025-12-31
LukOil,VAR3,FOB MED  USDC.UGL,1/2M,2025-01-01,2025-03-31
LukOil,VAR4,FOB MED  USDC.UGL,1/2M,2025-01-01,2025-03-31
LukOil,PDV3,FOB MED  USDC.UGL,1/2M,2025-01-01,2025-12-31
LukOil,PDV4,FOB MED  USDC.UGL,1/2M,2025-01-01,2025-12-31
LukOil,BOJ3,FOB MED  USDC.UGL,1/2M,2025-01-01,2025-03-31
LukOil,BOJ4,FOB MED  USDC.UGL,1/2M,2025-01-01,2025-03-31
Air BP,AGP,HNWE  USDC.UGL,PW,2025-03-13,2025-03-31
Air BP,AJA,HNWE  USDC.UGL,PW,2025-03-13,2025-03-31
Air BP,ALC,HNWE  USDC.UGL,PW,2025-03-13,2025-03-31
Air BP,ATH,FOB MED  USDC.UGL,PW,2025-03-13,2025-03-31
Air BP,BAH,ARAB GULF FOB HIGH PRIOR,1/2M,2025-03-13,2025-03-31
Air BP,BCN,HNWE  USDC.UGL,PW,2025-03-13,2025-03-31
Air BP,BER,HNWE  USDC.UGL,PW,2025-03-13,2025-03-31
Air BP,BLL,HNWE  USDC.UGL,PW,2025-03-13,2025-03-31
Air BP,BRU,HROTT  USDC.UGL,PW,2025-03-13,2025-03-31
Air BP,BSL,HNWE  USDC.UGL,PW,2025-03-13,2025-03-31
Air BP,BUD,HROTT  USDC.UGL,PW,2025-03-13,2025-03-31
Air BP,CFU,FOB MED  USDC.UGL,PW,2025-03-13,2025-03-31
Air BP,CHQ,FOB MED  USDC.UGL,PW,2025-03-13,2025-03-31
Air BP,CPH,HNWE  USDC.UGL,PW,2025-03-13,2025-03-31
Air BP,DBV,FOB MED  USDC.UGL,PW,2025-03-13,2025-03-31
Air BP,DWC,ARAB GULF FOB HIGH PRIOR,1/2M,2025-03-13,2025-03-31
Air BP,DXB,ARAB GULF FOB HIGH PRIOR,1/2M,2025-03-13,2025-03-31
Air BP,EFL,FOB MED  USDC.UGL,PW,2025-03-13,2025-03-31
Air BP,FAO,HNWE  USDC.UGL,PW,2025-03-13,2025-03-31
Air BP,FDH,HROTT  USDC.UGL,PW,2025-03-13,2025-03-31
Air BP,FKB,HROTT  USDC.UGL,PW,2025-03-13,2025-03-31
Air BP,FMM,HROTT  USDC.UGL,PW,2025-03-13,2025-03-31
Air BP,FRA,HNWE  USDC.UGL,PW,2025-03-13,2025-03-31
Air BP,GDN,HNWE  USDC.UGL,PW,2025-03-13,2025-03-31
Air BP,GOT,HNWE  USDC.UGL,PW,2025-03-13,2025-03-31
Air BP,GRO,HNWE  USDC.UGL,PW,2025-03-13,2025-03-31
Air BP,GRX,HNWE  USDC.UGL,PW,2025-03-13,2025-03-31
Air BP,GVA,HNWE  USDC.UGL,PW,2025-03-13,2025-03-31
Air BP,HAD,Market price,MP,2025-03-13,2025-03-31
Air BP,HEL,HNWE  USDC.UGL,PW,2025-03-13,2025-03-31
Air BP,HER,FOB MED  USDC.UGL,PW,2025-03-13,2025-03-31
Air BP,HHN,HROTT  USDC.UGL,PW,2025-03-13,2025-03-31
Air BP,IBZ,HNWE  USDC.UGL,PW,2025-03-13,2025-03-31
Air BP,JAI,ARAB GULF FOB HIGH PRIOR,1/2M,2025-03-13,2025-03-31
Air BP,JMK,FOB MED  USDC.UGL,PW,2025-03-13,2025-03-31
Air BP,JTR,FOB MED  USDC.UGL,PW,2025-03-13,2025-03-31
Air BP,KEF,HNWE  USDC.UGL,PW,2025-03-13,2025-03-31
Air BP,KGS,FOB MED  USDC.UGL,PW,2025-03-13,2025-03-31
Air BP,KLX,FOB MED  USDC.UGL,PW,2025-03-13,2025-03-31
Air BP,KTW,HNWE  USDC.UGL,PW,2025-03-13,2025-03-31
Air BP,KVA,FOB MED  USDC.UGL,PW,2025-03-13,2025-03-31
Air BP,LCA,FOB MED  USDC.UGL,1/2M,2025-03-13,2025-03-31
Air BP,LGW,HNWE  USDC.UGL,1/2M,2025-03-13,2025-03-31
Air BP,LIN,HNWE  USDC.UGL,PW,2025-03-13,2025-03-31
Air BP,LIS,HNWE  USDC.UGL,PW,2025-03-13,2025-03-31
Air BP,LPA,HNWE  USDC.UGL,PW,2025-03-13,2025-03-31
Air BP,LUX,HROTT  USDC.UGL,PW,2025-03-13,2025-03-31
Air BP,LYS,HNWE  USDC.UGL,PW,2025-03-13,2025-03-31
Air BP,MAD,HNWE  USDC.UGL,PW,2025-03-13,2025-03-31
Air BP,MLH,HNWE  USDC.UGL,PW,2025-03-13,2025-03-31
Air BP,MRS,HNWE  USDC.UGL,PW,2025-03-13,2025-03-31
Air BP,MUC,HROTT  USDC.UGL,PW,2025-03-13,2025-03-31
Air BP,NCE,HNWE  USDC.UGL,PW,2025-03-13,2025-03-31
Air BP,NUE,HROTT  USDC.UGL,PW,2025-03-13,2025-03-31
Air BP,OPO,HNWE  USDC.UGL,PW,2025-03-13,2025-03-31
Air BP,PFO,FOB MED  USDC.UGL,1/2M,2025-03-13,2025-03-31
Air BP,PMI,HNWE  USDC.UGL,PW,2025-03-13,2025-03-31
Air BP,POZ,HNWE  USDC.UGL,PW,2025-03-13,2025-03-31
Air BP,PVK,FOB MED  USDC.UGL,PW,2025-03-13,2025-03-31
Air BP,RHO,FOB MED  USDC.UGL,PW,2025-03-13,2025-03-31
Air BP,SHJ,ARAB GULF FOB HIGH PRIOR,1/2M,2025-03-13,2025-03-31
Air BP,SKG,FOB MED  USDC.UGL,PW,2025-03-13,2025-03-31
Air BP,SPU,FOB MED  USDC.UGL,PW,2025-03-13,2025-03-31
Air BP,STN,HNWE  USDC.UGL,1/2M,2025-03-13,2025-03-31
Air BP,STR,HROTT  USDC.UGL,PW,2025-03-13,2025-03-31
Air BP,SVQ,HNWE  USDC.UGL,PW,2025-03-13,2025-03-31
Air BP,TFN,HNWE  USDC.UGL,PW,2025-03-13,2025-03-31
Air BP,TFS,HNWE  USDC.UGL,PW,2025-03-13,2025-03-31
Air BP,TLS,HNWE  USDC.UGL,PW,2025-03-13,2025-03-31
Air BP,TLV,Market price,MP,2025-03-13,2025-03-31
Air BP,VLC,HNWE  USDC.UGL,PW,2025-03-13,2025-03-31
Air BP,VXO,Market price,MP,2025-03-13,2025-03-31
Air BP,WAW,HNWE  USDC.UGL,PW,2025-03-13,2025-03-31
Air BP,XRY,HNWE  USDC.UGL,PW,2025-03-13,2025-03-31
Air BP,ZAD,FOB MED  USDC.UGL,PW,2025-03-13,2025-03-31
Air BP,ZAG,FOB MED  USDC.UGL,PW,2025-03-13,2025-03-31
Air BP,ZAZ,HNWE  USDC.UGL,PW,2025-03-13,2025-03-31
Air BP,ZRH,HROTT  USDC.UGL,PW,2025-03-13,2025-03-31
Air BP,ZTH,FOB MED  USDC.UGL,PW,2025-03-13,2025-03-31
